[{"id":"6ebdfab9-2cc0-4bbf-94ad-2bce39a7f0a7","name":"Tim Robbins"},{"id":"99375eaf-1f4a-488c-b8bf-f323b62bd891","name":"Morgan Freeman"},{"id":"5ce74ca0-d51c-4bef-8963-05f9638bd443","name":"Bob Gunton"},{"id":"6de22a1f-3ea5-483b-9db7-604574636f02","name":"Marlon Brando"},{"id":"31dfe52a-6063-4217-9a9c-451eb320170e","name":"Al Pacino"},{"id":"550dbabf-0032-4a8f-839d-ed3e7cf78746","name":"James Caan"},{"id":"cc826702-699b-4b1a-ac0e-97cc830d3b21","name":"Christian Bale"},{"id":"acf326b7-9e96-4768-a902-a74c48636d50","name":"Heath Ledger"},{"id":"596881ce-2070-46b8-9c54-8dcf435b5195","name":"Aaron Eckhart"},{"id":"bd282e19-b822-4e28-bcac-44c5c769c884","name":"Robert De Niro"},{"id":"78304fb5-c750-4f49-975f-c66747a3572f","name":"Robert Duvall"},{"id":"0527a977-d55e-4ac6-9f9e-cde6f441c8f0","name":"Henry Fonda"},{"id":"0fd3730f-7a94-4560-9b82-f94619dd618c","name":"Lee J. Cobb"},{"id":"9f6ff0ee-b004-4067-a62b-c71117af7fd0","name":"Martin Balsam"},{"id":"5162edc0-12a5-4c00-813f-d80d8fe490ed","name":"Liam Neeson"},{"id":"c560e660-b574-4548-ab6a-2e6c72640325","name":"Ralph Fiennes"},{"id":"390d3ee1-93bd-46a5-ab36-c247c4325633","name":"Ben Kingsley"},{"id":"dfb7cd2b-536b-4b96-b3c7-0fe1a0443ac8","name":"Elijah Wood"},{"id":"4e0b0ced-2587-4b15-8a74-e14483f7361d","name":"Viggo Mortensen"},{"id":"2e02049d-500f-466e-bd19-da792aa46179","name":"Ian McKellen"},{"id":"3f97368f-c73d-4f1a-990b-cfd9a00574f0","name":"John Travolta"},{"id":"55a69706-1831-491e-83c6-16a4a5ec7224","name":"Uma Thurman"},{"id":"f6c0e420-116d-4101-a4f9-24d0c5225adc","name":"Samuel L. Jackson"},{"id":"4f08e48d-3493-4724-98bb-a7f09855139c","name":"Orlando Bloom"},{"id":"f38e63a0-aa55-4c27-8790-a03dbed71e52","name":"Clint Eastwood"},{"id":"d897884d-56f2-4caa-b335-8c4f3cde847c","name":"Eli Wallach"},{"id":"abeb2aee-16f1-422c-b755-98872a620c38","name":"Lee Van Cleef"},{"id":"fc03b426-b34d-45fe-80e3-9d6bcc180486","name":"Tom Hanks"},{"id":"dd1cd8f9-2376-4327-9735-6296487d2d71","name":"Robin Wright"},{"id":"f315e9e4-77e2-4364-bff2-866fdf9b60db","name":"Gary Sinise"},{"id":"a9b414ed-9113-460b-a30d-5b485b4ab7b9","name":"Brad Pitt"},{"id":"c072900e-e1c5-43bc-987d-dbb807ec2dd6","name":"Edward Norton"},{"id":"e3eda078-8b10-4a55-9a76-3d7957afa2d6","name":"Meat Loaf"},{"id":"3f335145-79a4-4b95-b8fe-44ab7914444f","name":"Leonardo DiCaprio"},{"id":"ff4a99cd-3ede-4f5a-b819-41d254d0d423","name":"Joseph Gordon-Levitt"},{"id":"62692ec8-5e01-4294-9322-e65f2cdb3662","name":"Elliot Page"},{"id":"253fa057-3936-4c96-b220-34bf17c9c4e6","name":"Mark Hamill"},{"id":"30dbaabb-a780-4b8d-ba2e-91be0d494030","name":"Harrison Ford"},{"id":"444ec4a7-6a6c-4f11-8f43-7861a94858a1","name":"Carrie Fisher"},{"id":"03a294e3-100c-4093-8017-70d9d2691798","name":"Keanu Reeves"},{"id":"4c80af8e-3329-4a8d-9651-d3e674f990ef","name":"Laurence Fishburne"},{"id":"99b5e072-0fce-43de-b0c9-c3f7b4594c06","name":"Carrie-Anne Moss"},{"id":"bea21583-0b4d-4055-8664-d80c8dbc66f8","name":"Ray Liotta"},{"id":"ef40e86e-c1f7-4a61-bd8a-4559f4b0126c","name":"Joe Pesci"},{"id":"9d8c4e49-6794-4e58-886b-974429441776","name":"Jack Nicholson"},{"id":"b7b92fc7-a9b4-489e-9eff-935976b6c82e","name":"Louise Fletcher"},{"id":"784a97f1-1b9f-425f-bdbe-e11236dafe48","name":"Michael Berryman"},{"id":"0b64f8b7-8e7e-44fc-b945-05ae6638f4df","name":"Kevin Spacey"},{"id":"9eeb14a9-0529-479d-b883-4a8e33c65a7c","name":"Shameik Moore"},{"id":"5549a278-a1e0-457e-8030-8bcb65ae3c76","name":"Hailee Steinfeld"},{"id":"2ddd86e7-f55b-48fb-bb00-8b213b7c6d33","name":"Brian Tyree Henry"},{"id":"d5b22319-d815-4c86-8910-9026d1f65a04","name":"James Stewart"},{"id":"ee861866-e67d-498d-9778-98aaf5c5172f","name":"Donna Reed"},{"id":"716f72c6-ebf4-4a2c-8228-a58ea732cfa0","name":"Lionel Barrymore"},{"id":"a7286c12-e6c2-4740-a52d-7a1040b53d49","name":"Toshirô Mifune"},{"id":"38701cc9-6abd-4344-87f2-b29889dde862","name":"Takashi Shimura"},{"id":"3484a080-ce46-4698-9b13-3c9c486db99a","name":"Keiko Tsushima"},{"id":"41e525fd-deeb-477e-9d04-24ef62d4af77","name":"Matthew McConaughey"},{"id":"c2e2e0b8-8c8e-4ca4-a718-6b5ec83d2100","name":"Anne Hathaway"},{"id":"c8b44fac-aa23-4c48-861f-3662d5490683","name":"Jessica Chastain"},{"id":"c98f95d9-882b-4adc-b6bf-35a9f36f3a2f","name":"Jodie Foster"},{"id":"db112b79-7872-4802-90c0-feff2a6a9137","name":"Anthony Hopkins"},{"id":"e0c34e61-aa0e-4493-932e-468c5e7baa34","name":"Lawrence A. Bonney"},{"id":"b5fbe797-490f-4b7b-a0be-82ce421e9178","name":"Matt Damon"},{"id":"91b9f39e-92cf-4a6a-b60d-698d5cd02b67","name":"Tom Sizemore"},{"id":"fd1ce469-8edb-453d-8489-93a771fe5464","name":"Alexandre Rodrigues"},{"id":"fb5a0c18-e37a-4ea2-ba1c-56a502164bf2","name":"Leandro Firmino"},{"id":"a9a53efd-e02c-4072-bf35-cb4054c60a6c","name":"Matheus Nachtergaele"},{"id":"8c25fbe2-70fa-4fe3-9737-25dfa6a439f2","name":"Roberto Benigni"},{"id":"135a8423-e371-4149-8575-e05b63d0f4f3","name":"Nicoletta Braschi"},{"id":"60403662-e948-4675-99c0-42dbd62957e1","name":"Giorgio Cantarini"},{"id":"bdec8a3a-2ea0-47ac-90e7-78c4e3347c69","name":"Michael Clarke Duncan"},{"id":"a0efdf50-35c7-4cb7-b8a8-02dd0f1e26cc","name":"David Morse"},{"id":"5ff0b9d8-e735-4ff7-8bda-7d20109d9a9b","name":"Arnold Schwarzenegger"},{"id":"573f3451-b677-46ec-acbe-c1ee80301dfd","name":"Linda Hamilton"},{"id":"31f600aa-207b-420c-b369-5f108b7b9841","name":"Edward Furlong"},{"id":"c8759aaf-baf6-490a-8934-6c893d593bac","name":"Michael J. Fox"},{"id":"3f4314aa-1a8b-418f-b429-b2c45036189e","name":"Christopher Lloyd"},{"id":"57046df8-4bc4-4646-850c-1672dec854f2","name":"Lea Thompson"},{"id":"814ef5c4-72ca-4b5c-a509-a670b7507671","name":"Daveigh Chase"},{"id":"357c7293-9d28-4bd7-92e4-dd74fd447d43","name":"Suzanne Pleshette"},{"id":"562ad6b1-710f-4b70-ae60-1e78ae92e997","name":"Miyu Irino"},{"id":"2dd8fe53-b151-4450-866b-a7585ef9f695","name":"Adrien Brody"},{"id":"19d07bb6-d458-4829-a515-2df3e8999140","name":"Thomas Kretschmann"},{"id":"e2b77f14-d273-41ff-ba94-4fb4eeadd464","name":"Frank Finlay"},{"id":"e281f13d-a2f1-426b-bda8-af4126c0181c","name":"Anthony Perkins"},{"id":"39f54507-6d05-4601-812f-3b2dd8f84673","name":"Janet Leigh"},{"id":"8d171f82-abba-4d74-8751-2fc8bbff21e0","name":"Vera Miles"},{"id":"500b236d-4191-45d8-aa30-05ad8934ac80","name":"Song Kang-ho"},{"id":"ae6ee6c5-ff72-4c83-b97c-d7e76a45b667","name":"Lee Sun-kyun"},{"id":"349fd71e-a99e-4597-aa02-60dfd04b9128","name":"Cho Yeo-jeong"},{"id":"07def87b-5c9d-41ca-ac0a-c4673299e555","name":"Russell Crowe"},{"id":"86f9cec2-9b85-4171-8f63-11ffe3923da5","name":"Joaquin Phoenix"},{"id":"3289b335-f109-4897-8975-db9a2562564d","name":"Connie Nielsen"},{"id":"507c92ba-ecef-42a9-bead-88c5a2664d2e","name":"Matthew Broderick"},{"id":"c279eb34-298e-42f4-a679-529ecf186e30","name":"Jeremy Irons"},{"id":"4dd9c3b2-4412-40cd-b098-d57954c7b7bd","name":"James Earl Jones"},{"id":"b118419d-5b85-464c-bbbb-72ce9d727ee5","name":"Jean Reno"},{"id":"47c7124e-906a-4301-adcb-5eee9f8c0304","name":"Gary Oldman"},{"id":"c90d1480-5ff6-4a69-93fb-27f90766a7d8","name":"Natalie Portman"},{"id":"d1ac3f97-35a7-4ecc-a02c-a1d14f549cd6","name":"Beverly D'Angelo"},{"id":"ac72e124-c193-4b1d-87a1-45cc578c1821","name":"Miles Teller"},{"id":"c6a8af72-b46f-43a7-89e3-362173abffb1","name":"J.K. Simmons"},{"id":"8fc693a7-b01d-4884-92b5-6ba41040c1bf","name":"Melissa Benoist"},{"id":"09673b8b-0d8f-4684-9fde-54f44ad92180","name":"Hugh Jackman"},{"id":"d362d7bf-5974-472a-a43b-2a50636af58c","name":"Scarlett Johansson"},{"id":"e58d038a-d3da-41e7-b7ec-a4a9bf932f68","name":"Gabriel Byrne"},{"id":"4fdd63fd-1cc3-4707-a095-3f957ad4337f","name":"Chazz Palminteri"},{"id":"22a22a0a-bca6-4bb9-880e-53dfbb581b97","name":"Cillian Murphy"},{"id":"54175d86-3f77-4a13-b165-177dd837557c","name":"Emily Blunt"},{"id":"bd4585fd-f31f-48a0-a6c3-cd00751d3ec1","name":"Tsutomu Tatsumi"},{"id":"aee86c5b-2ac4-4d78-a481-f0fee7422048","name":"Ayano Shiraishi"},{"id":"7b21a666-48bd-4fa4-8c1f-edf6c7fb53d5","name":"Akemi Yamaguchi"},{"id":"bc7b449f-3666-4064-ae30-0281905e2e5b","name":"Tatsuya Nakadai"},{"id":"56c659f8-5ae8-486e-b969-28beb2b706a6","name":"Akira Ishihama"},{"id":"ecb8d54c-c1ee-4451-84e8-be1692e0e3b4","name":"Shima Iwashita"},{"id":"3c373cba-06dc-40fc-8f66-9d2199e029ee","name":"Humphrey Bogart"},{"id":"1679f1b5-8cfe-4101-9aa9-c0a85f742c78","name":"Ingrid Bergman"},{"id":"dc75d23a-b469-4284-ad14-de568899bcec","name":"Paul Henreid"},{"id":"f2fa9efd-6faa-4c50-8f17-2d7a946d4aab","name":"François Cluzet"},{"id":"2b4335f3-4cb8-441c-a9ec-e92acf61cfb1","name":"Omar Sy"},{"id":"27bca526-5e9e-45ed-8519-ece0e05aa7c6","name":"Anne Le Ny"},{"id":"decc6014-3ffb-48f1-97da-ef9df5f429a1","name":"Charles Chaplin"},{"id":"fb65608d-1063-4469-9197-1f6fe5215f4a","name":"Paulette Goddard"},{"id":"df0f22d9-ecd9-4c09-b733-1ed4d36dbb4a","name":"Henry Bergman"},{"id":"f6ffc1f1-2fef-45e2-b234-e38e258828ce","name":"Philippe Noiret"},{"id":"d2b704f0-8fb6-45f9-a43c-46e8ee20f839","name":"Enzo Cannavale"},{"id":"bbad79d7-c4a9-4d45-97f1-4819153df946","name":"Antonella Attili"}]