[{"id":"a9a5c492-bd49-4e18-9e0d-4cd8ac686ebb","name":"Frank Darabont"},{"id":"1d7b0e79-3fd2-41f7-9e40-b17189bd46f7","name":"Francis Ford Coppola"},{"id":"a60f513f-f838-44f2-b6cb-81d25d7b84c4","name":"Christopher Nolan"},{"id":"a5ea7917-faad-4452-9970-1ab3bf884035","name":"Sidney Lumet"},{"id":"be87fc4b-f330-4c5b-a370-7583ccecff8c","name":"Steven Spielberg"},{"id":"b05b7db7-2fea-445a-9470-6bd47fd11b99","name":"Peter Jackson"},{"id":"5f05650e-ae34-4e96-90b3-bbb59a6c7c06","name":"Quentin Tarantino"},{"id":"7d50dfb8-8a70-4bed-9784-d839c7fa725f","name":"Sergio Leone"},{"id":"752f65ed-6bb8-4cc6-a92c-914215e01cf7","name":"Robert Zemeckis"},{"id":"b6fda85f-d3fa-47c8-9b22-bc43bd8ca2e1","name":"David Fincher"},{"id":"f3ad68a4-6b38-4f0c-aeeb-ec48cca9e40b","name":"Irvin Kershner"},{"id":"71bbadcd-b322-4e08-9dce-0b012dd2ec67","name":"Lana Wachowski"},{"id":"ee46045d-939e-49e9-a191-fef8c98cdfe5","name":"Lilly Wachowski"},{"id":"e1c67bec-be17-45c8-8d33-47fe86f034e9","name":"Martin Scorsese"},{"id":"87795371-32ae-4fde-ad54-de5739021481","name":"Milos Forman"},{"id":"053afcd6-40ef-4eda-a6da-c8f70ba12db6","name":"Joaquim Dos Santos"},{"id":"f9ce3dcf-8175-4378-a9ca-c91294ca7961","name":"Kemp Powers"},{"id":"32003b17-9014-4035-91ea-811f3d17f62e","name":"Justin K. Thompson"},{"id":"e0c7aed9-fe3e-4578-a6b4-845b39dfe98b","name":"Frank Capra"},{"id":"fb90e45b-8c65-4181-b368-50e7f8c41427","name":"Akira Kurosawa"},{"id":"f015de60-946d-4b6b-b78a-5fb6d30425ee","name":"Jonathan Demme"},{"id":"80000eaf-46fb-4ff4-9b3b-a004c6d16845","name":"Fernando Meirelles"},{"id":"48c7dd22-6df8-435a-a42a-d6f95b43fc4c","name":"Kátia Lund"},{"id":"4ae39b38-19f9-403c-acd9-170fb62497b9","name":"Roberto Benigni"},{"id":"186d028e-aafb-4695-88ec-29ea6d6dc6cf","name":"George Lucas"},{"id":"c2c842ff-38ab-484a-82c1-2c280cad7077","name":"James Cameron"},{"id":"7d30d92a-1f3f-459d-8d59-77e75107bd0c","name":"Hayao Miyazaki"},{"id":"e558c5ed-d613-4b5f-9552-fcbaa743993f","name":"Roman Polanski"},{"id":"8efc9264-c9f6-49d5-92a6-5b7f680bf1c8","name":"Alfred Hitchcock"},{"id":"97604ec2-e8d9-4319-907f-9b09a184c51f","name":"Bong Joon Ho"},{"id":"c501e5dd-6f85-4465-8e04-407270d002bf","name":"Ridley Scott"},{"id":"fbd3e940-b372-4da1-a428-3fd72afe7eaf","name":"Roger Allers"},{"id":"fe2392da-6c68-4b61-b644-4cfabb0d21f2","name":"Rob Minkoff"},{"id":"729e5596-c467-4830-b7c1-60fae37b40ec","name":"Luc Besson"},{"id":"a42fd755-62b1-4be6-a1ba-3650861dd864","name":"Tony Kaye"},{"id":"a5d57a8d-fb2a-4d97-904b-5c96bcbec142","name":"Damien Chazelle"},{"id":"a96c6f5c-901f-48f5-b3b3-502708bc784c","name":"Bryan Singer"},{"id":"83578141-7040-42a4-9bfa-176a6a1a98ba","name":"Isao Takahata"},{"id":"c814e1b2-004e-4251-932e-7a62fe1a56ec","name":"Masaki Kobayashi"},{"id":"94c0feda-dc17-4109-91f1-f187ba6fad2d","name":"Michael Curtiz"},{"id":"8fc656c1-d10f-4555-915e-80684777548d","name":"Olivier Nakache"},{"id":"88c8bdce-4e92-4cc1-a73d-38f0439fb44a","name":"Éric Toledano"},{"id":"8af06f73-ac55-4189-bb1d-00961b696be5","name":"Charles Chaplin"},{"id":"c2fb9786-4df3-4660-a0db-5ab2b5f4c342","name":"Giuseppe Tornatore"}]