[{"id":"8260546d-b172-46f8-a9fc-1b2a4020a3c5","name":"Stephen King"},{"id":"372a9dbd-ef63-44e8-8568-cc2246da88bb","name":"Frank Darabont"},{"id":"6b27c4a8-0890-4996-ae4b-cba1e8fcacce","name":"Mario Puzo"},{"id":"c289752f-9e44-468a-8454-905f4167ec0f","name":"Francis Ford Coppola"},{"id":"439122ae-ebcc-4c93-88b2-20b2382a6106","name":"Jonathan Nolan"},{"id":"8bd94b0b-aff9-457e-868a-f44415949d08","name":"Christopher Nolan"},{"id":"48a25c76-7af2-4439-a137-f9b6cceb7cb3","name":"David S. Goyer"},{"id":"496b2e52-5005-4394-bf6f-72f0f8abcbe2","name":"Reginald Rose"},{"id":"396e9233-dfcb-49af-bb71-19533a7c38c8","name":"Thomas Keneally"},{"id":"6f976633-d6b4-4041-8798-1fea21835f61","name":"Steven Zaillian"},{"id":"e68434dd-d166-4495-8688-e7b711e8ce37","name":"J.R.R. Tolkien"},{"id":"d29c0538-a609-4481-86e4-2e720d921425","name":"Fran Walsh"},{"id":"834c5ddb-9158-4720-9073-d2ab799d713e","name":"Philippa Boyens"},{"id":"52ac270a-9622-457f-9b4e-249662115108","name":"Quentin Tarantino"},{"id":"ce72b9d8-1155-4f2b-b108-b66cf1251914","name":"Roger Avary"},{"id":"1ebb3723-fb6a-4974-8af7-96946a34b042","name":"Luciano Vincenzoni"},{"id":"2deb1705-8f75-49a9-b75f-f4a90cc07fe8","name":"Sergio Leone"},{"id":"9d8609cc-eb54-468d-baad-5c887bbf18a6","name":"Agenore Incrocci"},{"id":"7dc775ab-ff74-4c69-af03-0f823b102c2e","name":"Winston Groom"},{"id":"91209bc1-21a5-4f25-9ef4-ed511632cdd2","name":"Eric Roth"},{"id":"a2af10b0-e79a-4e13-85d0-250c3fa4a97d","name":"Chuck Palahniuk"},{"id":"8a5e0e65-7996-49bc-a879-000675482ffc","name":"Jim Uhls"},{"id":"788cc1c3-f38c-4c68-8761-14fba330ebf7","name":"Leigh Brackett"},{"id":"043cea0b-1dec-422a-b817-bb9d169bbc12","name":"Lawrence Kasdan"},{"id":"c7274996-63c2-4a1a-b686-8a8deaa5d639","name":"George Lucas"},{"id":"ad585815-c76b-4537-aa04-d8dca5294d54","name":"Lilly Wachowski"},{"id":"bad0ccd8-6de0-46cf-bbf4-a61895a68cce","name":"Lana Wachowski"},{"id":"81e44c5d-7026-4f5e-9767-18986d481bac","name":"Nicholas Pileggi"},{"id":"7dbd7e80-068e-48b7-8548-685e20d558c7","name":"Martin Scorsese"},{"id":"352d0e83-2945-41cf-8f2c-5170d318cf9d","name":"Lawrence Hauben"},{"id":"46c08e00-8b96-44ec-8cb5-70b97efad711","name":"Bo Goldman"},{"id":"a2237e86-e64b-4cce-b5f0-c56e512d3f57","name":"Ken Kesey"},{"id":"4d285b80-7b48-48ef-bd04-9752f37a7ee5","name":"Andrew Kevin Walker"},{"id":"7ab0e475-3417-469e-bfbf-4587103e0777","name":"Phil Lord"},{"id":"5b0b97d3-bd36-4faa-96a7-f239b922c64e","name":"Christopher Miller"},{"id":"39b6f656-7db3-4941-8cf4-f9fb6924cda0","name":"Dave Callaham"},{"id":"ba701678-3302-4a4a-9d26-8e0c7cead458","name":"Frances Goodrich"},{"id":"ffffb57c-3506-41a4-9163-0d3f4efe634e","name":"Albert Hackett"},{"id":"1df85118-8c33-46e2-96aa-ec10b46bde20","name":"Frank Capra"},{"id":"c0f9bbaf-c03f-45b8-89a0-fae6a8f60288","name":"Akira Kurosawa"},{"id":"171c3a5b-67a7-469f-8026-090d243faf4a","name":"Shinobu Hashimoto"},{"id":"627cfb51-685d-487d-9d28-86ecfe44a7d4","name":"Hideo Oguni"},{"id":"3eafbc15-0699-4512-a755-2f514f87cbc0","name":"Thomas Harris"},{"id":"0dea65dc-d355-4ce7-8bca-3804972c48f8","name":"Ted Tally"},{"id":"5f206c24-0cdf-410d-8c4c-ed32e4a4c1b9","name":"Robert Rodat"},{"id":"4d2e0016-7cb5-4f26-8067-1a8c0ad73ae1","name":"Paulo Lins"},{"id":"04cfbd06-0038-473f-af6a-00a1a9054820","name":"Bráulio Mantovani"},{"id":"c036de6d-43ae-4547-9d70-a8d3520498f8","name":"Vincenzo Cerami"},{"id":"509c56f3-fc1c-4b65-a624-261716063980","name":"Roberto Benigni"},{"id":"505c6848-c145-48fd-a205-236e690de685","name":"James Cameron"},{"id":"6e1799a3-4ae8-4f74-bc60-79d138c82043","name":"William Wisher"},{"id":"3e70d1f5-d1eb-41ce-a9aa-2c3c24e92913","name":"Robert Zemeckis"},{"id":"8a23d171-3a9d-4bf4-aca7-d3d807696ef1","name":"Bob Gale"},{"id":"80ac5b39-a034-4fe2-8493-91350b9a860c","name":"Hayao Miyazaki"},{"id":"dea7a867-1d44-47c6-836d-c755f737c04b","name":"Ronald Harwood"},{"id":"3654a574-64ab-4baf-87e3-5c698329985a","name":"Wladyslaw Szpilman"},{"id":"d839a95b-7d42-4567-9fdd-b55f1ebe65cb","name":"Joseph Stefano"},{"id":"4c73375b-f094-45e1-b880-0920ff77f099","name":"Robert Bloch"},{"id":"9cae79e5-1a2f-4c13-89ed-b874e433f38b","name":"Bong Joon Ho"},{"id":"c3d659f3-9687-485e-8e95-16ec62d7145c","name":"Han Jin-won"},{"id":"51ed6ac8-be4c-4960-9a09-cd76d41d6489","name":"David Franzoni"},{"id":"e35ea766-29b5-4c52-a010-0358e41a09d8","name":"John Logan"},{"id":"58ea5a70-962c-40ee-8e99-ab51d7884cf0","name":"William Nicholson"},{"id":"b5f2db68-f462-415c-9615-948f2a0d4df3","name":"Irene Mecchi"},{"id":"d178f5e5-cef0-47d7-8350-5b6001d95547","name":"Jonathan Roberts"},{"id":"14735433-ab1a-4e72-829d-60710d84ff3c","name":"Linda Woolverton"},{"id":"d069c891-429e-4a0e-b715-c462ffd245e8","name":"Luc Besson"},{"id":"db5dc529-d19c-40ef-918d-caa5b9ce7aad","name":"David McKenna"},{"id":"0dd44a8c-1226-472f-bfd3-1ebd5a74fc39","name":"William Monahan"},{"id":"fea37642-7a37-43e4-a677-d437a2c9290e","name":"Alan Mak"},{"id":"a0cfc777-9fff-4851-9f01-3241c1bc8d07","name":"Felix Chong"},{"id":"9f75fedf-295f-4e31-b138-b370e80b5936","name":"Damien Chazelle"},{"id":"50e9997e-abc7-4149-87f9-d7302e05aacc","name":"Christopher Priest"},{"id":"678ea43d-fc32-4e25-8ccd-03d924f94f8e","name":"Christopher McQuarrie"},{"id":"914ffcf5-a697-4569-8449-4162728a1b03","name":"Kai Bird"},{"id":"4fa340ba-3d17-4cb5-9c6a-42457b174483","name":"Martin Sherwin"},{"id":"7fd0e2a2-ee16-4c7f-91ed-c31f5e17c7ae","name":"Akiyuki Nosaka"},{"id":"8dfdb106-543d-4494-ab2a-1402b21162e2","name":"Isao Takahata"},{"id":"be5c2a9b-e9b2-4f79-ac16-392ee960e8b5","name":"Yasuhiko Takiguchi"},{"id":"76ba195b-76ee-41cc-8acf-1a8aa47c9d29","name":"Julius J. Epstein"},{"id":"d0991a05-a7ea-47f7-bd66-3206e7a1a935","name":"Philip G. Epstein"},{"id":"ee6bc484-0653-4b2c-b65d-a01ad06f6153","name":"Howard Koch"},{"id":"6b3cdeb0-2f28-4dfd-9c47-261b50d73bbb","name":"Olivier Nakache"},{"id":"d371922b-8980-450a-a3df-ad667536b494","name":"Éric Toledano"},{"id":"e175dee8-65fc-4ead-a427-0b3328c6908c","name":"Philippe Pozzo di Borgo"},{"id":"230cc9bb-cda1-4aee-98ed-dbad709f24e9","name":"Charles Chaplin"},{"id":"9b791b72-58d7-4f9c-99d4-a1e459f51dda","name":"Giuseppe Tornatore"},{"id":"c79b7b00-2b12-423c-b458-928eb6b73cca","name":"Vanna Paoli"}]